Cluster,Session_Connection_Time,Bytes Transferred,Kali_Trace_Used,Servers_Corrupted,Pages_Corrupted,WPM_Typing_Speed
0,-0.8698407520711312,-0.8024461350834717,-0.029903844815095545,-0.919492789060682,-0.9753544216296833,0.991013058176831
1,0.8698407520711295,0.8024461350834702,0.029903844815095632,0.9194927890606855,0.9753544216296884,-0.9910130581768324
