Cluster,Session_Connection_Time,Bytes Transferred,Kali_Trace_Used,Servers_Corrupted,Pages_Corrupted,WPM_Typing_Speed
0,-0.8698407520711312,-0.8024461350834717,-0.029903844815095545,-0.919492789060682,-0.9753544216296833,0.991013058176831
1,0.9261534884969409,0.8368006516208926,0.9748653409721156,0.9235511624410331,0.9615610372283374,-1.0083692790774128
2,0.8071126406094653,0.7641778128645702,-1.0227114926762666,0.9149720693458674,0.9907192042539736,-0.9716795462875771
